{
	"name": "CNMAT MMJ Depot",
	"type": "package",
	"author": "CNMAT",
	"description": "CNMAT's expanding library of Max/MSP/Jitter patches and supporting files designed for composers, programmers, performers and music educators.",
	"version": "3.1.0",
	"major_version": "3",
	"minor_version": "10",
	"min_max_version": "612",
	"min_osx_version": "None",
	"min_win_version": "None",
	"website": "https://github.com/CNMAT/CNMAT-MMJ-Depot",
	"link_mac32": "https://github.com/CNMAT/CNMAT-MMJ-Depot/archive/v3.1.0.zip",
	"link_mac64": "https://github.com/CNMAT/CNMAT-MMJ-Depot/archive/v3.1.0.zip",
	"link_win32": "https://github.com/CNMAT/CNMAT-MMJ-Depot/archive/v3.1.0.zip",
	"link_win64": "https://github.com/CNMAT/CNMAT-MMJ-Depot/archive/v3.1.0.zip",
	"relative_path": "None"
}
