<?xml version="1.0" encoding="utf-8" standalone="yes"?>

<pattrstorage name = "8harp_player">
	<slot number = "1">
		<pattr name = "notegrid" value = "0 0 1 0 3 1 0 5 1 0 7 1 1 6 1 2 5 1 3 4 1 4 3 1 5 2 1 6 1 1 7 0 1 8 2 1 8 4 1 8 7 1 10 5 1 12 6 1 14 1 1 14 3 1 14 7 1" />
		<pattr name = "tempobox" value = "88." />
	</slot>
	<slot number = "2">
		<pattr name = "notegrid" value = "0 0 1 0 5 1 1 2 1 3 0 1 3 2 1 4 5 1 5 2 1 6 0 1 7 2 1 8 5 1 9 0 1 9 2 1 11 2 1 12 0 1 12 5 1 13 2 1 14 0 1 15 2 1" />
		<pattr name = "tempobox" value = "96." />
	</slot>
	<slot number = "3">
		<pattr name = "notegrid" value = "0 0 1 0 7 1 1 5 1 3 3 1 3 4 1 5 1 1 7 4 1 7 5 1 9 2 1 11 3 1 13 5 1 13 6 1 14 2 1" />
		<pattr name = "tempobox" value = "108." />
	</slot>
</pattrstorage>

