<?xml version="1.0" encoding="utf-8" standalone="yes"?>

<pattrstorage name = "beats_sliced.xml">
	<slot number = "1">
		<patcher name = "reverb">
			<pattr name = "HF_damping" value = "1" />
			<pattr name = "decay_time" value = "34" />
			<pattr name = "diffusion" value = "67" />
			<pattr name = "room_size" value = "34" />
		</patcher>
		<patcher name = "beat-divisor[19]">
			<pattr name = "beat_divisor_mute" value = "0" />
			<pattr name = "seq_mute" value = "0 0 0 0 0 0 0 0 0" />
			<pattr name = "seq_tone" value = "0 0 0 0 0 0 0 0 0" />
		</patcher>
		<patcher name = "beat-divisor[18]">
			<pattr name = "beat_divisor_mute" value = "0" />
			<pattr name = "seq_mute" value = "0 0" />
			<pattr name = "seq_tone" value = "0 0" />
		</patcher>
		<patcher name = "beat-divisor[17]">
			<pattr name = "beat_divisor_mute" value = "0" />
			<pattr name = "seq_mute" value = "0 0 0 0" />
			<pattr name = "seq_tone" value = "0 0 0 0" />
		</patcher>
		<patcher name = "beat-divisor[16]">
			<pattr name = "beat_divisor_mute" value = "0" />
			<pattr name = "seq_mute" value = "0 0 0 0 0 0 0 0" />
			<pattr name = "seq_tone" value = "0 0 0 0 0 0 0 0" />
		</patcher>
		<patcher name = "beat-divisor[15]">
			<pattr name = "beat_divisor_mute" value = "0" />
			<pattr name = "seq_mute" value = "0 0 0 0 0 0 0 0 0 0 0 0 0 0 0 0" />
			<pattr name = "seq_tone" value = "0 0 0 0 0 0 0 0 0 0 0 0 0 0 0 0" />
		</patcher>
		<patcher name = "beat-divisor[14]">
			<pattr name = "beat_divisor_mute" value = "0" />
			<pattr name = "seq_mute" value = "0 0 0" />
			<pattr name = "seq_tone" value = "0 0 0" />
		</patcher>
		<patcher name = "beat-divisor[13]">
			<pattr name = "beat_divisor_mute" value = "0" />
			<pattr name = "seq_mute" value = "0 0 0 0 0 0" />
			<pattr name = "seq_tone" value = "0 0 0 0 0 0" />
		</patcher>
		<patcher name = "beat-divisor[12]">
			<pattr name = "beat_divisor_mute" value = "0" />
			<pattr name = "seq_mute" value = "0 0 0 0 0 0 0 0 0 0 0 0" />
			<pattr name = "seq_tone" value = "0 0 0 0 0 0 0 0 0 0 0 0" />
		</patcher>
		<patcher name = "beat-divisor[11]">
			<pattr name = "beat_divisor_mute" value = "0" />
			<pattr name = "seq_mute" value = "0 0 0 0 0 0 0 0 0 0 0 0 0 0 0 0 0 0 0 0 0 0 0 0" />
			<pattr name = "seq_tone" value = "0 0 0 0 0 0 0 0 0 0 0 0 0 0 0 0 0 0 0 0 0 0 0 0" />
		</patcher>
		<patcher name = "beat-divisor[10]">
			<pattr name = "beat_divisor_mute" value = "0" />
			<pattr name = "seq_mute" value = "0 0 0 0 0" />
			<pattr name = "seq_tone" value = "0 0 0 0 0" />
		</patcher>
		<patcher name = "beat-divisor[9]">
			<pattr name = "beat_divisor_mute" value = "0" />
			<pattr name = "seq_mute" value = "0 0 0 0 0 0 0 0 0 0" />
			<pattr name = "seq_tone" value = "0 0 0 0 0 0 0 0 0 0" />
		</patcher>
		<patcher name = "beat-divisor[8]">
			<pattr name = "beat_divisor_mute" value = "0" />
			<pattr name = "seq_mute" value = "0 0 0 0 0 0 0 0 0 0 0 0 0 0 0 0 0 0 0 0" />
			<pattr name = "seq_tone" value = "0 0 0 0 0 0 0 0 0 0 0 0 0 0 0 0 0 0 0 0" />
		</patcher>
		<patcher name = "beat-divisor[7]">
			<pattr name = "beat_divisor_mute" value = "0" />
			<pattr name = "seq_mute" value = "0 0 0 0 0 0 0" />
			<pattr name = "seq_tone" value = "0 0 0 0 0 0 0" />
		</patcher>
		<patcher name = "beat-divisor[6]">
			<pattr name = "beat_divisor_mute" value = "0" />
			<pattr name = "seq_mute" value = "0 0 0 0 0 0 0 0 0 0 0 0 0 0" />
			<pattr name = "seq_tone" value = "0 0 0 0 0 0 0 0 0 0 0 0 0 0" />
		</patcher>
		<patcher name = "beat-divisor[5]">
			<pattr name = "beat_divisor_mute" value = "0" />
			<pattr name = "seq_mute" value = "1" />
			<pattr name = "seq_tone" value = "1" />
		</patcher>
		<patcher name = "beat-divisor[4]">
			<pattr name = "beat_divisor_mute" value = "0" />
			<pattr name = "seq_mute" value = "0 0 0 0 0 0 0 0 0 0 0 0 0 0 0 0 0 0 0 0 0 0 0 0 0 0 0 0" />
			<pattr name = "seq_tone" value = "0 0 0 0 0 0 0 0 0 0 0 0 0 0 0 0 0 0 0 0 0 0 0 0 0 0 0 0" />
		</patcher>
		<patcher name = "beat-divisor[3]">
			<pattr name = "beat_divisor_mute" value = "0" />
			<pattr name = "seq_mute" value = "0 0 0 0 0 0 0 0 0 0 0 0 0 0 0 0 0 0" />
			<pattr name = "seq_tone" value = "0 0 0 0 0 0 0 0 0 0 0 0 0 0 0 0 0 0" />
		</patcher>
		<patcher name = "beat-divisor[2]">
			<pattr name = "beat_divisor_mute" value = "0" />
			<pattr name = "seq_mute" value = "0 0 0 0 0 0 0 0 0 0 0" />
			<pattr name = "seq_tone" value = "0 0 0 0 0 0 0 0 0 0 0" />
		</patcher>
		<patcher name = "beat-divisor[1]">
			<pattr name = "beat_divisor_mute" value = "0" />
			<pattr name = "seq_mute" value = "0 0 0 0 0 0 0 0 0 0 0 0 0 0 0 0 0 0 0 0 0 0" />
			<pattr name = "seq_tone" value = "0 0 0 0 0 0 0 0 0 0 0 0 0 0 0 0 0 0 0 0 0 0" />
		</patcher>
		<patcher name = "beat-divisor">
			<pattr name = "beat_divisor_mute" value = "0" />
			<pattr name = "seq_mute" value = "0 0 0 0 0 0 0 0 0 0 0 0 0" />
			<pattr name = "seq_tone" value = "0 0 0 0 0 0 0 0 0 0 0 0 0" />
		</patcher>
	</slot>
	<slot number = "2">
		<patcher name = "reverb">
			<pattr name = "HF_damping" value = "1" />
			<pattr name = "decay_time" value = "34" />
			<pattr name = "diffusion" value = "67" />
			<pattr name = "room_size" value = "34" />
		</patcher>
		<patcher name = "beat-divisor[19]">
			<pattr name = "beat_divisor_mute" value = "0" />
			<pattr name = "seq_mute" value = "0 0 0 0 0 0 0 0 0" />
			<pattr name = "seq_tone" value = "0 0 0 0 0 0 0 0 0" />
		</patcher>
		<patcher name = "beat-divisor[18]">
			<pattr name = "beat_divisor_mute" value = "0" />
			<pattr name = "seq_mute" value = "0 1" />
			<pattr name = "seq_tone" value = "0 67" />
		</patcher>
		<patcher name = "beat-divisor[17]">
			<pattr name = "beat_divisor_mute" value = "0" />
			<pattr name = "seq_mute" value = "0 0 0 0" />
			<pattr name = "seq_tone" value = "0 0 0 0" />
		</patcher>
		<patcher name = "beat-divisor[16]">
			<pattr name = "beat_divisor_mute" value = "0" />
			<pattr name = "seq_mute" value = "0 0 0 0 0 0 0 0" />
			<pattr name = "seq_tone" value = "0 0 0 0 0 0 0 0" />
		</patcher>
		<patcher name = "beat-divisor[15]">
			<pattr name = "beat_divisor_mute" value = "0" />
			<pattr name = "seq_mute" value = "0 0 0 0 0 0 0 0 0 0 0 0 0 0 0 0" />
			<pattr name = "seq_tone" value = "0 0 0 0 0 0 0 0 0 0 0 0 0 0 0 0" />
		</patcher>
		<patcher name = "beat-divisor[14]">
			<pattr name = "beat_divisor_mute" value = "0" />
			<pattr name = "seq_mute" value = "0 0 0" />
			<pattr name = "seq_tone" value = "0 0 0" />
		</patcher>
		<patcher name = "beat-divisor[13]">
			<pattr name = "beat_divisor_mute" value = "0" />
			<pattr name = "seq_mute" value = "0 0 0 0 0 0" />
			<pattr name = "seq_tone" value = "0 0 0 0 0 0" />
		</patcher>
		<patcher name = "beat-divisor[12]">
			<pattr name = "beat_divisor_mute" value = "0" />
			<pattr name = "seq_mute" value = "0 0 0 0 0 0 0 0 0 0 0 0" />
			<pattr name = "seq_tone" value = "0 0 0 0 0 0 0 0 0 0 0 0" />
		</patcher>
		<patcher name = "beat-divisor[11]">
			<pattr name = "beat_divisor_mute" value = "0" />
			<pattr name = "seq_mute" value = "0 0 0 0 0 0 0 0 0 0 0 0 0 0 0 0 0 0 0 0 0 0 0 0" />
			<pattr name = "seq_tone" value = "0 0 0 0 0 0 0 0 0 0 0 0 0 0 0 0 0 0 0 0 0 0 0 0" />
		</patcher>
		<patcher name = "beat-divisor[10]">
			<pattr name = "beat_divisor_mute" value = "0" />
			<pattr name = "seq_mute" value = "0 0 0 0 0" />
			<pattr name = "seq_tone" value = "0 0 0 0 0" />
		</patcher>
		<patcher name = "beat-divisor[9]">
			<pattr name = "beat_divisor_mute" value = "0" />
			<pattr name = "seq_mute" value = "0 0 0 0 0 0 0 0 0 0" />
			<pattr name = "seq_tone" value = "0 0 0 0 0 0 0 0 0 0" />
		</patcher>
		<patcher name = "beat-divisor[8]">
			<pattr name = "beat_divisor_mute" value = "0" />
			<pattr name = "seq_mute" value = "0 0 0 0 0 0 0 0 0 0 0 0 0 0 0 0 0 0 0 0" />
			<pattr name = "seq_tone" value = "0 0 0 0 0 0 0 0 0 0 0 0 0 0 0 0 0 0 0 0" />
		</patcher>
		<patcher name = "beat-divisor[7]">
			<pattr name = "beat_divisor_mute" value = "0" />
			<pattr name = "seq_mute" value = "0 0 0 0 0 0 0" />
			<pattr name = "seq_tone" value = "0 0 0 0 0 0 0" />
		</patcher>
		<patcher name = "beat-divisor[6]">
			<pattr name = "beat_divisor_mute" value = "0" />
			<pattr name = "seq_mute" value = "0 0 0 0 0 0 0 0 0 0 0 0 0 0" />
			<pattr name = "seq_tone" value = "0 0 0 0 0 0 0 0 0 0 0 0 0 0" />
		</patcher>
		<patcher name = "beat-divisor[5]">
			<pattr name = "beat_divisor_mute" value = "0" />
			<pattr name = "seq_mute" value = "1" />
			<pattr name = "seq_tone" value = "1" />
		</patcher>
		<patcher name = "beat-divisor[4]">
			<pattr name = "beat_divisor_mute" value = "0" />
			<pattr name = "seq_mute" value = "0 0 0 0 0 0 0 0 0 0 0 0 0 0 0 0 0 0 0 0 0 0 0 0 0 0 0 0" />
			<pattr name = "seq_tone" value = "0 0 0 0 0 0 0 0 0 0 0 0 0 0 0 0 0 0 0 0 0 0 0 0 0 0 0 0" />
		</patcher>
		<patcher name = "beat-divisor[3]">
			<pattr name = "beat_divisor_mute" value = "0" />
			<pattr name = "seq_mute" value = "0 0 0 0 0 0 0 0 0 0 0 0 0 0 0 0 0 0" />
			<pattr name = "seq_tone" value = "0 0 0 0 0 0 0 0 0 0 0 0 0 0 0 0 0 0" />
		</patcher>
		<patcher name = "beat-divisor[2]">
			<pattr name = "beat_divisor_mute" value = "0" />
			<pattr name = "seq_mute" value = "0 0 0 0 0 0 0 0 0 0 0" />
			<pattr name = "seq_tone" value = "0 0 0 0 0 0 0 0 0 0 0" />
		</patcher>
		<patcher name = "beat-divisor[1]">
			<pattr name = "beat_divisor_mute" value = "0" />
			<pattr name = "seq_mute" value = "0 0 0 0 0 0 0 0 0 0 0 0 0 0 0 0 0 0 0 0 0 0" />
			<pattr name = "seq_tone" value = "0 0 0 0 0 0 0 0 0 0 0 0 0 0 0 0 0 0 0 0 0 0" />
		</patcher>
		<patcher name = "beat-divisor">
			<pattr name = "beat_divisor_mute" value = "0" />
			<pattr name = "seq_mute" value = "0 0 0 0 0 0 0 0 0 0 0 0 0" />
			<pattr name = "seq_tone" value = "0 0 0 0 0 0 0 0 0 0 0 0 0" />
		</patcher>
	</slot>
	<slot number = "3">
		<patcher name = "reverb">
			<pattr name = "HF_damping" value = "1" />
			<pattr name = "decay_time" value = "34" />
			<pattr name = "diffusion" value = "67" />
			<pattr name = "room_size" value = "34" />
		</patcher>
		<patcher name = "beat-divisor[19]">
			<pattr name = "beat_divisor_mute" value = "0" />
			<pattr name = "seq_mute" value = "0 0 0 0 0 0 0 0 0" />
			<pattr name = "seq_tone" value = "0 0 0 0 0 0 0 0 0" />
		</patcher>
		<patcher name = "beat-divisor[18]">
			<pattr name = "beat_divisor_mute" value = "0" />
			<pattr name = "seq_mute" value = "0 1" />
			<pattr name = "seq_tone" value = "0 67" />
		</patcher>
		<patcher name = "beat-divisor[17]">
			<pattr name = "beat_divisor_mute" value = "0" />
			<pattr name = "seq_mute" value = "0 1 0 1" />
			<pattr name = "seq_tone" value = "0 23 0 23" />
		</patcher>
		<patcher name = "beat-divisor[16]">
			<pattr name = "beat_divisor_mute" value = "0" />
			<pattr name = "seq_mute" value = "0 0 0 0 0 0 0 0" />
			<pattr name = "seq_tone" value = "0 0 0 0 0 0 0 0" />
		</patcher>
		<patcher name = "beat-divisor[15]">
			<pattr name = "beat_divisor_mute" value = "0" />
			<pattr name = "seq_mute" value = "0 0 0 0 0 0 0 0 0 0 0 0 0 0 0 0" />
			<pattr name = "seq_tone" value = "0 0 0 0 0 0 0 0 0 0 0 0 0 0 0 0" />
		</patcher>
		<patcher name = "beat-divisor[14]">
			<pattr name = "beat_divisor_mute" value = "0" />
			<pattr name = "seq_mute" value = "0 0 0" />
			<pattr name = "seq_tone" value = "0 0 0" />
		</patcher>
		<patcher name = "beat-divisor[13]">
			<pattr name = "beat_divisor_mute" value = "0" />
			<pattr name = "seq_mute" value = "0 0 0 0 0 0" />
			<pattr name = "seq_tone" value = "0 0 0 0 0 0" />
		</patcher>
		<patcher name = "beat-divisor[12]">
			<pattr name = "beat_divisor_mute" value = "0" />
			<pattr name = "seq_mute" value = "0 0 0 0 0 0 0 0 0 0 0 0" />
			<pattr name = "seq_tone" value = "0 0 0 0 0 0 0 0 0 0 0 0" />
		</patcher>
		<patcher name = "beat-divisor[11]">
			<pattr name = "beat_divisor_mute" value = "0" />
			<pattr name = "seq_mute" value = "0 0 0 0 0 0 0 0 0 0 0 0 0 0 0 0 0 0 0 0 0 0 0 0" />
			<pattr name = "seq_tone" value = "0 0 0 0 0 0 0 0 0 0 0 0 0 0 0 0 0 0 0 0 0 0 0 0" />
		</patcher>
		<patcher name = "beat-divisor[10]">
			<pattr name = "beat_divisor_mute" value = "0" />
			<pattr name = "seq_mute" value = "0 0 0 0 0" />
			<pattr name = "seq_tone" value = "0 0 0 0 0" />
		</patcher>
		<patcher name = "beat-divisor[9]">
			<pattr name = "beat_divisor_mute" value = "0" />
			<pattr name = "seq_mute" value = "0 0 0 0 0 0 0 0 0 0" />
			<pattr name = "seq_tone" value = "0 0 0 0 0 0 0 0 0 0" />
		</patcher>
		<patcher name = "beat-divisor[8]">
			<pattr name = "beat_divisor_mute" value = "0" />
			<pattr name = "seq_mute" value = "0 0 0 0 0 0 0 0 0 0 0 0 0 0 0 0 0 0 0 0" />
			<pattr name = "seq_tone" value = "0 0 0 0 0 0 0 0 0 0 0 0 0 0 0 0 0 0 0 0" />
		</patcher>
		<patcher name = "beat-divisor[7]">
			<pattr name = "beat_divisor_mute" value = "0" />
			<pattr name = "seq_mute" value = "0 0 0 0 0 0 0" />
			<pattr name = "seq_tone" value = "0 0 0 0 0 0 0" />
		</patcher>
		<patcher name = "beat-divisor[6]">
			<pattr name = "beat_divisor_mute" value = "0" />
			<pattr name = "seq_mute" value = "0 0 0 0 0 0 0 0 0 0 0 0 0 0" />
			<pattr name = "seq_tone" value = "0 0 0 0 0 0 0 0 0 0 0 0 0 0" />
		</patcher>
		<patcher name = "beat-divisor[5]">
			<pattr name = "beat_divisor_mute" value = "0" />
			<pattr name = "seq_mute" value = "1" />
			<pattr name = "seq_tone" value = "1" />
		</patcher>
		<patcher name = "beat-divisor[4]">
			<pattr name = "beat_divisor_mute" value = "0" />
			<pattr name = "seq_mute" value = "0 0 0 0 0 0 0 0 0 0 0 0 0 0 0 0 0 0 0 0 0 0 0 0 0 0 0 0" />
			<pattr name = "seq_tone" value = "0 0 0 0 0 0 0 0 0 0 0 0 0 0 0 0 0 0 0 0 0 0 0 0 0 0 0 0" />
		</patcher>
		<patcher name = "beat-divisor[3]">
			<pattr name = "beat_divisor_mute" value = "0" />
			<pattr name = "seq_mute" value = "0 0 0 0 0 0 0 0 0 0 0 0 0 0 0 0 0 0" />
			<pattr name = "seq_tone" value = "0 0 0 0 0 0 0 0 0 0 0 0 0 0 0 0 0 0" />
		</patcher>
		<patcher name = "beat-divisor[2]">
			<pattr name = "beat_divisor_mute" value = "0" />
			<pattr name = "seq_mute" value = "0 0 0 0 0 0 0 0 0 0 0" />
			<pattr name = "seq_tone" value = "0 0 0 0 0 0 0 0 0 0 0" />
		</patcher>
		<patcher name = "beat-divisor[1]">
			<pattr name = "beat_divisor_mute" value = "0" />
			<pattr name = "seq_mute" value = "0 0 0 0 0 0 0 0 0 0 0 0 0 0 0 0 0 0 0 0 0 0" />
			<pattr name = "seq_tone" value = "0 0 0 0 0 0 0 0 0 0 0 0 0 0 0 0 0 0 0 0 0 0" />
		</patcher>
		<patcher name = "beat-divisor">
			<pattr name = "beat_divisor_mute" value = "0" />
			<pattr name = "seq_mute" value = "0 0 0 0 0 0 0 0 0 0 0 0 0" />
			<pattr name = "seq_tone" value = "0 0 0 0 0 0 0 0 0 0 0 0 0" />
		</patcher>
	</slot>
	<slot number = "4">
		<patcher name = "reverb">
			<pattr name = "HF_damping" value = "1" />
			<pattr name = "decay_time" value = "34" />
			<pattr name = "diffusion" value = "67" />
			<pattr name = "room_size" value = "34" />
		</patcher>
		<patcher name = "beat-divisor[19]">
			<pattr name = "beat_divisor_mute" value = "0" />
			<pattr name = "seq_mute" value = "0 0 0 0 0 0 0 0 0" />
			<pattr name = "seq_tone" value = "0 0 0 0 0 0 0 0 0" />
		</patcher>
		<patcher name = "beat-divisor[18]">
			<pattr name = "beat_divisor_mute" value = "0" />
			<pattr name = "seq_mute" value = "0 1" />
			<pattr name = "seq_tone" value = "0 67" />
		</patcher>
		<patcher name = "beat-divisor[17]">
			<pattr name = "beat_divisor_mute" value = "0" />
			<pattr name = "seq_mute" value = "0 1 0 1" />
			<pattr name = "seq_tone" value = "0 23 0 23" />
		</patcher>
		<patcher name = "beat-divisor[16]">
			<pattr name = "beat_divisor_mute" value = "0" />
			<pattr name = "seq_mute" value = "0 1 0 1 0 1 0 1" />
			<pattr name = "seq_tone" value = "0 47 0 47 0 47 0 47" />
		</patcher>
		<patcher name = "beat-divisor[15]">
			<pattr name = "beat_divisor_mute" value = "0" />
			<pattr name = "seq_mute" value = "0 0 0 0 0 0 0 0 0 0 0 0 0 0 0 0" />
			<pattr name = "seq_tone" value = "0 0 0 0 0 0 0 0 0 0 0 0 0 0 0 0" />
		</patcher>
		<patcher name = "beat-divisor[14]">
			<pattr name = "beat_divisor_mute" value = "0" />
			<pattr name = "seq_mute" value = "0 0 0" />
			<pattr name = "seq_tone" value = "0 0 0" />
		</patcher>
		<patcher name = "beat-divisor[13]">
			<pattr name = "beat_divisor_mute" value = "0" />
			<pattr name = "seq_mute" value = "0 0 0 0 0 0" />
			<pattr name = "seq_tone" value = "0 0 0 0 0 0" />
		</patcher>
		<patcher name = "beat-divisor[12]">
			<pattr name = "beat_divisor_mute" value = "0" />
			<pattr name = "seq_mute" value = "0 0 0 0 0 0 0 0 0 0 0 0" />
			<pattr name = "seq_tone" value = "0 0 0 0 0 0 0 0 0 0 0 0" />
		</patcher>
		<patcher name = "beat-divisor[11]">
			<pattr name = "beat_divisor_mute" value = "0" />
			<pattr name = "seq_mute" value = "0 0 0 0 0 0 0 0 0 0 0 0 0 0 0 0 0 0 0 0 0 0 0 0" />
			<pattr name = "seq_tone" value = "0 0 0 0 0 0 0 0 0 0 0 0 0 0 0 0 0 0 0 0 0 0 0 0" />
		</patcher>
		<patcher name = "beat-divisor[10]">
			<pattr name = "beat_divisor_mute" value = "0" />
			<pattr name = "seq_mute" value = "0 0 0 0 0" />
			<pattr name = "seq_tone" value = "0 0 0 0 0" />
		</patcher>
		<patcher name = "beat-divisor[9]">
			<pattr name = "beat_divisor_mute" value = "0" />
			<pattr name = "seq_mute" value = "0 0 0 0 0 0 0 0 0 0" />
			<pattr name = "seq_tone" value = "0 0 0 0 0 0 0 0 0 0" />
		</patcher>
		<patcher name = "beat-divisor[8]">
			<pattr name = "beat_divisor_mute" value = "0" />
			<pattr name = "seq_mute" value = "0 0 0 0 0 0 0 0 0 0 0 0 0 0 0 0 0 0 0 0" />
			<pattr name = "seq_tone" value = "0 0 0 0 0 0 0 0 0 0 0 0 0 0 0 0 0 0 0 0" />
		</patcher>
		<patcher name = "beat-divisor[7]">
			<pattr name = "beat_divisor_mute" value = "0" />
			<pattr name = "seq_mute" value = "0 0 0 0 0 0 0" />
			<pattr name = "seq_tone" value = "0 0 0 0 0 0 0" />
		</patcher>
		<patcher name = "beat-divisor[6]">
			<pattr name = "beat_divisor_mute" value = "0" />
			<pattr name = "seq_mute" value = "0 0 0 0 0 0 0 0 0 0 0 0 0 0" />
			<pattr name = "seq_tone" value = "0 0 0 0 0 0 0 0 0 0 0 0 0 0" />
		</patcher>
		<patcher name = "beat-divisor[5]">
			<pattr name = "beat_divisor_mute" value = "0" />
			<pattr name = "seq_mute" value = "1" />
			<pattr name = "seq_tone" value = "1" />
		</patcher>
		<patcher name = "beat-divisor[4]">
			<pattr name = "beat_divisor_mute" value = "0" />
			<pattr name = "seq_mute" value = "0 0 0 0 0 0 0 0 0 0 0 0 0 0 0 0 0 0 0 0 0 0 0 0 0 0 0 0" />
			<pattr name = "seq_tone" value = "0 0 0 0 0 0 0 0 0 0 0 0 0 0 0 0 0 0 0 0 0 0 0 0 0 0 0 0" />
		</patcher>
		<patcher name = "beat-divisor[3]">
			<pattr name = "beat_divisor_mute" value = "0" />
			<pattr name = "seq_mute" value = "0 0 0 0 0 0 0 0 0 0 0 0 0 0 0 0 0 0" />
			<pattr name = "seq_tone" value = "0 0 0 0 0 0 0 0 0 0 0 0 0 0 0 0 0 0" />
		</patcher>
		<patcher name = "beat-divisor[2]">
			<pattr name = "beat_divisor_mute" value = "0" />
			<pattr name = "seq_mute" value = "0 0 0 0 0 0 0 0 0 0 0" />
			<pattr name = "seq_tone" value = "0 0 0 0 0 0 0 0 0 0 0" />
		</patcher>
		<patcher name = "beat-divisor[1]">
			<pattr name = "beat_divisor_mute" value = "0" />
			<pattr name = "seq_mute" value = "0 0 0 0 0 0 0 0 0 0 0 0 0 0 0 0 0 0 0 0 0 0" />
			<pattr name = "seq_tone" value = "0 0 0 0 0 0 0 0 0 0 0 0 0 0 0 0 0 0 0 0 0 0" />
		</patcher>
		<patcher name = "beat-divisor">
			<pattr name = "beat_divisor_mute" value = "0" />
			<pattr name = "seq_mute" value = "0 0 0 0 0 0 0 0 0 0 0 0 0" />
			<pattr name = "seq_tone" value = "0 0 0 0 0 0 0 0 0 0 0 0 0" />
		</patcher>
	</slot>
	<slot number = "5">
		<patcher name = "reverb">
			<pattr name = "HF_damping" value = "1" />
			<pattr name = "decay_time" value = "34" />
			<pattr name = "diffusion" value = "67" />
			<pattr name = "room_size" value = "34" />
		</patcher>
		<patcher name = "beat-divisor[19]">
			<pattr name = "beat_divisor_mute" value = "0" />
			<pattr name = "seq_mute" value = "0 0 0 0 0 0 0 0 0" />
			<pattr name = "seq_tone" value = "0 0 0 0 0 0 0 0 0" />
		</patcher>
		<patcher name = "beat-divisor[18]">
			<pattr name = "beat_divisor_mute" value = "0" />
			<pattr name = "seq_mute" value = "0 1" />
			<pattr name = "seq_tone" value = "0 67" />
		</patcher>
		<patcher name = "beat-divisor[17]">
			<pattr name = "beat_divisor_mute" value = "0" />
			<pattr name = "seq_mute" value = "0 1 0 1" />
			<pattr name = "seq_tone" value = "0 23 0 23" />
		</patcher>
		<patcher name = "beat-divisor[16]">
			<pattr name = "beat_divisor_mute" value = "0" />
			<pattr name = "seq_mute" value = "0 1 0 1 0 1 0 1" />
			<pattr name = "seq_tone" value = "0 47 0 47 0 47 0 47" />
		</patcher>
		<patcher name = "beat-divisor[15]">
			<pattr name = "beat_divisor_mute" value = "0" />
			<pattr name = "seq_mute" value = "0 1 0 1 0 1 0 1 0 1 0 1 0 1 0 1" />
			<pattr name = "seq_tone" value = "0 39 0 39 0 39 0 39 0 39 0 39 0 39 0 39" />
		</patcher>
		<patcher name = "beat-divisor[14]">
			<pattr name = "beat_divisor_mute" value = "0" />
			<pattr name = "seq_mute" value = "0 0 0" />
			<pattr name = "seq_tone" value = "0 0 0" />
		</patcher>
		<patcher name = "beat-divisor[13]">
			<pattr name = "beat_divisor_mute" value = "0" />
			<pattr name = "seq_mute" value = "0 0 0 0 0 0" />
			<pattr name = "seq_tone" value = "0 0 0 0 0 0" />
		</patcher>
		<patcher name = "beat-divisor[12]">
			<pattr name = "beat_divisor_mute" value = "0" />
			<pattr name = "seq_mute" value = "0 0 0 0 0 0 0 0 0 0 0 0" />
			<pattr name = "seq_tone" value = "0 0 0 0 0 0 0 0 0 0 0 0" />
		</patcher>
		<patcher name = "beat-divisor[11]">
			<pattr name = "beat_divisor_mute" value = "0" />
			<pattr name = "seq_mute" value = "0 0 0 0 0 0 0 0 0 0 0 0 0 0 0 0 0 0 0 0 0 0 0 0" />
			<pattr name = "seq_tone" value = "0 0 0 0 0 0 0 0 0 0 0 0 0 0 0 0 0 0 0 0 0 0 0 0" />
		</patcher>
		<patcher name = "beat-divisor[10]">
			<pattr name = "beat_divisor_mute" value = "0" />
			<pattr name = "seq_mute" value = "0 0 0 0 0" />
			<pattr name = "seq_tone" value = "0 0 0 0 0" />
		</patcher>
		<patcher name = "beat-divisor[9]">
			<pattr name = "beat_divisor_mute" value = "0" />
			<pattr name = "seq_mute" value = "0 0 0 0 0 0 0 0 0 0" />
			<pattr name = "seq_tone" value = "0 0 0 0 0 0 0 0 0 0" />
		</patcher>
		<patcher name = "beat-divisor[8]">
			<pattr name = "beat_divisor_mute" value = "0" />
			<pattr name = "seq_mute" value = "0 0 0 0 0 0 0 0 0 0 0 0 0 0 0 0 0 0 0 0" />
			<pattr name = "seq_tone" value = "0 0 0 0 0 0 0 0 0 0 0 0 0 0 0 0 0 0 0 0" />
		</patcher>
		<patcher name = "beat-divisor[7]">
			<pattr name = "beat_divisor_mute" value = "0" />
			<pattr name = "seq_mute" value = "0 0 0 0 0 0 0" />
			<pattr name = "seq_tone" value = "0 0 0 0 0 0 0" />
		</patcher>
		<patcher name = "beat-divisor[6]">
			<pattr name = "beat_divisor_mute" value = "0" />
			<pattr name = "seq_mute" value = "0 0 0 0 0 0 0 0 0 0 0 0 0 0" />
			<pattr name = "seq_tone" value = "0 0 0 0 0 0 0 0 0 0 0 0 0 0" />
		</patcher>
		<patcher name = "beat-divisor[5]">
			<pattr name = "beat_divisor_mute" value = "0" />
			<pattr name = "seq_mute" value = "1" />
			<pattr name = "seq_tone" value = "1" />
		</patcher>
		<patcher name = "beat-divisor[4]">
			<pattr name = "beat_divisor_mute" value = "0" />
			<pattr name = "seq_mute" value = "0 0 0 0 0 0 0 0 0 0 0 0 0 0 0 0 0 0 0 0 0 0 0 0 0 0 0 0" />
			<pattr name = "seq_tone" value = "0 0 0 0 0 0 0 0 0 0 0 0 0 0 0 0 0 0 0 0 0 0 0 0 0 0 0 0" />
		</patcher>
		<patcher name = "beat-divisor[3]">
			<pattr name = "beat_divisor_mute" value = "0" />
			<pattr name = "seq_mute" value = "0 0 0 0 0 0 0 0 0 0 0 0 0 0 0 0 0 0" />
			<pattr name = "seq_tone" value = "0 0 0 0 0 0 0 0 0 0 0 0 0 0 0 0 0 0" />
		</patcher>
		<patcher name = "beat-divisor[2]">
			<pattr name = "beat_divisor_mute" value = "0" />
			<pattr name = "seq_mute" value = "0 0 0 0 0 0 0 0 0 0 0" />
			<pattr name = "seq_tone" value = "0 0 0 0 0 0 0 0 0 0 0" />
		</patcher>
		<patcher name = "beat-divisor[1]">
			<pattr name = "beat_divisor_mute" value = "0" />
			<pattr name = "seq_mute" value = "0 0 0 0 0 0 0 0 0 0 0 0 0 0 0 0 0 0 0 0 0 0" />
			<pattr name = "seq_tone" value = "0 0 0 0 0 0 0 0 0 0 0 0 0 0 0 0 0 0 0 0 0 0" />
		</patcher>
		<patcher name = "beat-divisor">
			<pattr name = "beat_divisor_mute" value = "0" />
			<pattr name = "seq_mute" value = "0 0 0 0 0 0 0 0 0 0 0 0 0" />
			<pattr name = "seq_tone" value = "0 0 0 0 0 0 0 0 0 0 0 0 0" />
		</patcher>
	</slot>
	<slot number = "6">
		<patcher name = "reverb">
			<pattr name = "HF_damping" value = "1" />
			<pattr name = "decay_time" value = "34" />
			<pattr name = "diffusion" value = "67" />
			<pattr name = "room_size" value = "34" />
		</patcher>
		<patcher name = "beat-divisor[19]">
			<pattr name = "beat_divisor_mute" value = "0" />
			<pattr name = "seq_mute" value = "0 0 0 0 0 0 0 0 0" />
			<pattr name = "seq_tone" value = "0 0 0 0 0 0 0 0 0" />
		</patcher>
		<patcher name = "beat-divisor[18]">
			<pattr name = "beat_divisor_mute" value = "0" />
			<pattr name = "seq_mute" value = "0 1" />
			<pattr name = "seq_tone" value = "0 33" />
		</patcher>
		<patcher name = "beat-divisor[17]">
			<pattr name = "beat_divisor_mute" value = "0" />
			<pattr name = "seq_mute" value = "0 1 0 1" />
			<pattr name = "seq_tone" value = "0 33 0 33" />
		</patcher>
		<patcher name = "beat-divisor[16]">
			<pattr name = "beat_divisor_mute" value = "0" />
			<pattr name = "seq_mute" value = "0 1 0 1 0 1 0 1" />
			<pattr name = "seq_tone" value = "0 33 0 33 0 33 0 33" />
		</patcher>
		<patcher name = "beat-divisor[15]">
			<pattr name = "beat_divisor_mute" value = "0" />
			<pattr name = "seq_mute" value = "0 1 0 1 0 1 0 1 0 1 0 1 0 1 0 1" />
			<pattr name = "seq_tone" value = "0 33 0 33 0 33 0 33 0 33 0 33 0 33 0 33" />
		</patcher>
		<patcher name = "beat-divisor[14]">
			<pattr name = "beat_divisor_mute" value = "0" />
			<pattr name = "seq_mute" value = "0 0 0" />
			<pattr name = "seq_tone" value = "0 0 0" />
		</patcher>
		<patcher name = "beat-divisor[13]">
			<pattr name = "beat_divisor_mute" value = "0" />
			<pattr name = "seq_mute" value = "0 0 0 0 0 0" />
			<pattr name = "seq_tone" value = "0 0 0 0 0 0" />
		</patcher>
		<patcher name = "beat-divisor[12]">
			<pattr name = "beat_divisor_mute" value = "0" />
			<pattr name = "seq_mute" value = "0 0 0 0 0 0 0 0 0 0 0 0" />
			<pattr name = "seq_tone" value = "0 0 0 0 0 0 0 0 0 0 0 0" />
		</patcher>
		<patcher name = "beat-divisor[11]">
			<pattr name = "beat_divisor_mute" value = "0" />
			<pattr name = "seq_mute" value = "0 0 0 0 0 0 0 0 0 0 0 0 0 0 0 0 0 0 0 0 0 0 0 0" />
			<pattr name = "seq_tone" value = "0 0 0 0 0 0 0 0 0 0 0 0 0 0 0 0 0 0 0 0 0 0 0 0" />
		</patcher>
		<patcher name = "beat-divisor[10]">
			<pattr name = "beat_divisor_mute" value = "0" />
			<pattr name = "seq_mute" value = "0 0 0 0 0" />
			<pattr name = "seq_tone" value = "0 0 0 0 0" />
		</patcher>
		<patcher name = "beat-divisor[9]">
			<pattr name = "beat_divisor_mute" value = "0" />
			<pattr name = "seq_mute" value = "0 0 0 0 0 0 0 0 0 0" />
			<pattr name = "seq_tone" value = "0 0 0 0 0 0 0 0 0 0" />
		</patcher>
		<patcher name = "beat-divisor[8]">
			<pattr name = "beat_divisor_mute" value = "0" />
			<pattr name = "seq_mute" value = "0 0 0 0 0 0 0 0 0 0 0 0 0 0 0 0 0 0 0 0" />
			<pattr name = "seq_tone" value = "0 0 0 0 0 0 0 0 0 0 0 0 0 0 0 0 0 0 0 0" />
		</patcher>
		<patcher name = "beat-divisor[7]">
			<pattr name = "beat_divisor_mute" value = "0" />
			<pattr name = "seq_mute" value = "0 0 0 0 0 0 0" />
			<pattr name = "seq_tone" value = "0 0 0 0 0 0 0" />
		</patcher>
		<patcher name = "beat-divisor[6]">
			<pattr name = "beat_divisor_mute" value = "0" />
			<pattr name = "seq_mute" value = "0 0 0 0 0 0 0 0 0 0 0 0 0 0" />
			<pattr name = "seq_tone" value = "0 0 0 0 0 0 0 0 0 0 0 0 0 0" />
		</patcher>
		<patcher name = "beat-divisor[5]">
			<pattr name = "beat_divisor_mute" value = "0" />
			<pattr name = "seq_mute" value = "1" />
			<pattr name = "seq_tone" value = "33" />
		</patcher>
		<patcher name = "beat-divisor[4]">
			<pattr name = "beat_divisor_mute" value = "0" />
			<pattr name = "seq_mute" value = "0 0 0 0 0 0 0 0 0 0 0 0 0 0 0 0 0 0 0 0 0 0 0 0 0 0 0 0" />
			<pattr name = "seq_tone" value = "0 0 0 0 0 0 0 0 0 0 0 0 0 0 0 0 0 0 0 0 0 0 0 0 0 0 0 0" />
		</patcher>
		<patcher name = "beat-divisor[3]">
			<pattr name = "beat_divisor_mute" value = "0" />
			<pattr name = "seq_mute" value = "0 0 0 0 0 0 0 0 0 0 0 0 0 0 0 0 0 0" />
			<pattr name = "seq_tone" value = "0 0 0 0 0 0 0 0 0 0 0 0 0 0 0 0 0 0" />
		</patcher>
		<patcher name = "beat-divisor[2]">
			<pattr name = "beat_divisor_mute" value = "0" />
			<pattr name = "seq_mute" value = "0 0 0 0 0 0 0 0 0 0 0" />
			<pattr name = "seq_tone" value = "0 0 0 0 0 0 0 0 0 0 0" />
		</patcher>
		<patcher name = "beat-divisor[1]">
			<pattr name = "beat_divisor_mute" value = "0" />
			<pattr name = "seq_mute" value = "0 0 0 0 0 0 0 0 0 0 0 0 0 0 0 0 0 0 0 0 0 0" />
			<pattr name = "seq_tone" value = "0 0 0 0 0 0 0 0 0 0 0 0 0 0 0 0 0 0 0 0 0 0" />
		</patcher>
		<patcher name = "beat-divisor">
			<pattr name = "beat_divisor_mute" value = "0" />
			<pattr name = "seq_mute" value = "0 0 0 0 0 0 0 0 0 0 0 0 0" />
			<pattr name = "seq_tone" value = "0 0 0 0 0 0 0 0 0 0 0 0 0" />
		</patcher>
	</slot>
	<slot number = "7">
		<patcher name = "reverb">
			<pattr name = "HF_damping" value = "1" />
			<pattr name = "decay_time" value = "34" />
			<pattr name = "diffusion" value = "67" />
			<pattr name = "room_size" value = "34" />
		</patcher>
		<patcher name = "beat-divisor[19]">
			<pattr name = "beat_divisor_mute" value = "0" />
			<pattr name = "seq_mute" value = "0 0 0 0 0 0 0 0 0" />
			<pattr name = "seq_tone" value = "0 0 0 0 0 0 0 0 0" />
		</patcher>
		<patcher name = "beat-divisor[18]">
			<pattr name = "beat_divisor_mute" value = "0" />
			<pattr name = "seq_mute" value = "0 0" />
			<pattr name = "seq_tone" value = "0 0" />
		</patcher>
		<patcher name = "beat-divisor[17]">
			<pattr name = "beat_divisor_mute" value = "0" />
			<pattr name = "seq_mute" value = "0 0 0 0" />
			<pattr name = "seq_tone" value = "0 0 0 0" />
		</patcher>
		<patcher name = "beat-divisor[16]">
			<pattr name = "beat_divisor_mute" value = "0" />
			<pattr name = "seq_mute" value = "0 0 0 0 0 0 0 0" />
			<pattr name = "seq_tone" value = "0 0 0 0 0 0 0 0" />
		</patcher>
		<patcher name = "beat-divisor[15]">
			<pattr name = "beat_divisor_mute" value = "0" />
			<pattr name = "seq_mute" value = "0 0 0 0 0 0 0 0 0 0 0 0 0 0 0 0" />
			<pattr name = "seq_tone" value = "0 0 0 0 0 0 0 0 0 0 0 0 0 0 0 0" />
		</patcher>
		<patcher name = "beat-divisor[14]">
			<pattr name = "beat_divisor_mute" value = "0" />
			<pattr name = "seq_mute" value = "1 1 1" />
			<pattr name = "seq_tone" value = "0 45 45" />
		</patcher>
		<patcher name = "beat-divisor[13]">
			<pattr name = "beat_divisor_mute" value = "0" />
			<pattr name = "seq_mute" value = "0 0 0 0 0 0" />
			<pattr name = "seq_tone" value = "0 0 0 0 0 0" />
		</patcher>
		<patcher name = "beat-divisor[12]">
			<pattr name = "beat_divisor_mute" value = "0" />
			<pattr name = "seq_mute" value = "0 0 0 0 0 0 0 0 0 0 0 0" />
			<pattr name = "seq_tone" value = "0 0 0 0 0 0 0 0 0 0 0 0" />
		</patcher>
		<patcher name = "beat-divisor[11]">
			<pattr name = "beat_divisor_mute" value = "0" />
			<pattr name = "seq_mute" value = "0 0 0 0 0 0 0 0 0 0 0 0 0 0 0 0 0 0 0 0 0 0 0 0" />
			<pattr name = "seq_tone" value = "0 0 0 0 0 0 0 0 0 0 0 0 0 0 0 0 0 0 0 0 0 0 0 0" />
		</patcher>
		<patcher name = "beat-divisor[10]">
			<pattr name = "beat_divisor_mute" value = "0" />
			<pattr name = "seq_mute" value = "0 0 0 0 0" />
			<pattr name = "seq_tone" value = "0 0 0 0 0" />
		</patcher>
		<patcher name = "beat-divisor[9]">
			<pattr name = "beat_divisor_mute" value = "0" />
			<pattr name = "seq_mute" value = "0 0 0 0 0 0 0 0 0 0" />
			<pattr name = "seq_tone" value = "0 0 0 0 0 0 0 0 0 0" />
		</patcher>
		<patcher name = "beat-divisor[8]">
			<pattr name = "beat_divisor_mute" value = "0" />
			<pattr name = "seq_mute" value = "0 0 0 0 0 0 0 0 0 0 0 0 0 0 0 0 0 0 0 0" />
			<pattr name = "seq_tone" value = "0 0 0 0 0 0 0 0 0 0 0 0 0 0 0 0 0 0 0 0" />
		</patcher>
		<patcher name = "beat-divisor[7]">
			<pattr name = "beat_divisor_mute" value = "0" />
			<pattr name = "seq_mute" value = "0 0 0 0 0 0 0" />
			<pattr name = "seq_tone" value = "0 0 0 0 0 0 0" />
		</patcher>
		<patcher name = "beat-divisor[6]">
			<pattr name = "beat_divisor_mute" value = "0" />
			<pattr name = "seq_mute" value = "0 0 0 0 0 0 0 0 0 0 0 0 0 0" />
			<pattr name = "seq_tone" value = "0 0 0 0 0 0 0 0 0 0 0 0 0 0" />
		</patcher>
		<patcher name = "beat-divisor[5]">
			<pattr name = "beat_divisor_mute" value = "0" />
			<pattr name = "seq_mute" value = "1" />
			<pattr name = "seq_tone" value = "1" />
		</patcher>
		<patcher name = "beat-divisor[4]">
			<pattr name = "beat_divisor_mute" value = "0" />
			<pattr name = "seq_mute" value = "0 0 0 0 0 0 0 0 0 0 0 0 0 0 0 0 0 0 0 0 0 0 0 0 0 0 0 0" />
			<pattr name = "seq_tone" value = "0 0 0 0 0 0 0 0 0 0 0 0 0 0 0 0 0 0 0 0 0 0 0 0 0 0 0 0" />
		</patcher>
		<patcher name = "beat-divisor[3]">
			<pattr name = "beat_divisor_mute" value = "0" />
			<pattr name = "seq_mute" value = "0 0 0 0 0 0 0 0 0 0 0 0 0 0 0 0 0 0" />
			<pattr name = "seq_tone" value = "0 0 0 0 0 0 0 0 0 0 0 0 0 0 0 0 0 0" />
		</patcher>
		<patcher name = "beat-divisor[2]">
			<pattr name = "beat_divisor_mute" value = "0" />
			<pattr name = "seq_mute" value = "0 0 0 0 0 0 0 0 0 0 0" />
			<pattr name = "seq_tone" value = "0 0 0 0 0 0 0 0 0 0 0" />
		</patcher>
		<patcher name = "beat-divisor[1]">
			<pattr name = "beat_divisor_mute" value = "0" />
			<pattr name = "seq_mute" value = "0 0 0 0 0 0 0 0 0 0 0 0 0 0 0 0 0 0 0 0 0 0" />
			<pattr name = "seq_tone" value = "0 0 0 0 0 0 0 0 0 0 0 0 0 0 0 0 0 0 0 0 0 0" />
		</patcher>
		<patcher name = "beat-divisor">
			<pattr name = "beat_divisor_mute" value = "0" />
			<pattr name = "seq_mute" value = "0 0 0 0 0 0 0 0 0 0 0 0 0" />
			<pattr name = "seq_tone" value = "0 0 0 0 0 0 0 0 0 0 0 0 0" />
		</patcher>
	</slot>
	<slot number = "8">
		<patcher name = "reverb">
			<pattr name = "HF_damping" value = "1" />
			<pattr name = "decay_time" value = "34" />
			<pattr name = "diffusion" value = "67" />
			<pattr name = "room_size" value = "34" />
		</patcher>
		<patcher name = "beat-divisor[19]">
			<pattr name = "beat_divisor_mute" value = "0" />
			<pattr name = "seq_mute" value = "0 0 0 0 0 0 0 0 0" />
			<pattr name = "seq_tone" value = "0 0 0 0 0 0 0 0 0" />
		</patcher>
		<patcher name = "beat-divisor[18]">
			<pattr name = "beat_divisor_mute" value = "0" />
			<pattr name = "seq_mute" value = "0 0" />
			<pattr name = "seq_tone" value = "0 0" />
		</patcher>
		<patcher name = "beat-divisor[17]">
			<pattr name = "beat_divisor_mute" value = "0" />
			<pattr name = "seq_mute" value = "0 0 0 0" />
			<pattr name = "seq_tone" value = "0 0 0 0" />
		</patcher>
		<patcher name = "beat-divisor[16]">
			<pattr name = "beat_divisor_mute" value = "0" />
			<pattr name = "seq_mute" value = "0 0 0 0 0 0 0 0" />
			<pattr name = "seq_tone" value = "0 0 0 0 0 0 0 0" />
		</patcher>
		<patcher name = "beat-divisor[15]">
			<pattr name = "beat_divisor_mute" value = "0" />
			<pattr name = "seq_mute" value = "0 0 0 0 0 0 0 0 0 0 0 0 0 0 0 0" />
			<pattr name = "seq_tone" value = "0 0 0 0 0 0 0 0 0 0 0 0 0 0 0 0" />
		</patcher>
		<patcher name = "beat-divisor[14]">
			<pattr name = "beat_divisor_mute" value = "0" />
			<pattr name = "seq_mute" value = "1 1 1" />
			<pattr name = "seq_tone" value = "0 45 45" />
		</patcher>
		<patcher name = "beat-divisor[13]">
			<pattr name = "beat_divisor_mute" value = "0" />
			<pattr name = "seq_mute" value = "1 1 1 1 1 1" />
			<pattr name = "seq_tone" value = "0 57 0 57 0 57" />
		</patcher>
		<patcher name = "beat-divisor[12]">
			<pattr name = "beat_divisor_mute" value = "0" />
			<pattr name = "seq_mute" value = "0 0 0 0 0 0 0 0 0 0 0 0" />
			<pattr name = "seq_tone" value = "0 0 0 0 0 0 0 0 0 0 0 0" />
		</patcher>
		<patcher name = "beat-divisor[11]">
			<pattr name = "beat_divisor_mute" value = "0" />
			<pattr name = "seq_mute" value = "0 0 0 0 0 0 0 0 0 0 0 0 0 0 0 0 0 0 0 0 0 0 0 0" />
			<pattr name = "seq_tone" value = "0 0 0 0 0 0 0 0 0 0 0 0 0 0 0 0 0 0 0 0 0 0 0 0" />
		</patcher>
		<patcher name = "beat-divisor[10]">
			<pattr name = "beat_divisor_mute" value = "0" />
			<pattr name = "seq_mute" value = "0 0 0 0 0" />
			<pattr name = "seq_tone" value = "0 0 0 0 0" />
		</patcher>
		<patcher name = "beat-divisor[9]">
			<pattr name = "beat_divisor_mute" value = "0" />
			<pattr name = "seq_mute" value = "0 0 0 0 0 0 0 0 0 0" />
			<pattr name = "seq_tone" value = "0 0 0 0 0 0 0 0 0 0" />
		</patcher>
		<patcher name = "beat-divisor[8]">
			<pattr name = "beat_divisor_mute" value = "0" />
			<pattr name = "seq_mute" value = "0 0 0 0 0 0 0 0 0 0 0 0 0 0 0 0 0 0 0 0" />
			<pattr name = "seq_tone" value = "0 0 0 0 0 0 0 0 0 0 0 0 0 0 0 0 0 0 0 0" />
		</patcher>
		<patcher name = "beat-divisor[7]">
			<pattr name = "beat_divisor_mute" value = "0" />
			<pattr name = "seq_mute" value = "0 0 0 0 0 0 0" />
			<pattr name = "seq_tone" value = "0 0 0 0 0 0 0" />
		</patcher>
		<patcher name = "beat-divisor[6]">
			<pattr name = "beat_divisor_mute" value = "0" />
			<pattr name = "seq_mute" value = "0 0 0 0 0 0 0 0 0 0 0 0 0 0" />
			<pattr name = "seq_tone" value = "0 0 0 0 0 0 0 0 0 0 0 0 0 0" />
		</patcher>
		<patcher name = "beat-divisor[5]">
			<pattr name = "beat_divisor_mute" value = "0" />
			<pattr name = "seq_mute" value = "1" />
			<pattr name = "seq_tone" value = "1" />
		</patcher>
		<patcher name = "beat-divisor[4]">
			<pattr name = "beat_divisor_mute" value = "0" />
			<pattr name = "seq_mute" value = "0 0 0 0 0 0 0 0 0 0 0 0 0 0 0 0 0 0 0 0 0 0 0 0 0 0 0 0" />
			<pattr name = "seq_tone" value = "0 0 0 0 0 0 0 0 0 0 0 0 0 0 0 0 0 0 0 0 0 0 0 0 0 0 0 0" />
		</patcher>
		<patcher name = "beat-divisor[3]">
			<pattr name = "beat_divisor_mute" value = "0" />
			<pattr name = "seq_mute" value = "0 0 0 0 0 0 0 0 0 0 0 0 0 0 0 0 0 0" />
			<pattr name = "seq_tone" value = "0 0 0 0 0 0 0 0 0 0 0 0 0 0 0 0 0 0" />
		</patcher>
		<patcher name = "beat-divisor[2]">
			<pattr name = "beat_divisor_mute" value = "0" />
			<pattr name = "seq_mute" value = "0 0 0 0 0 0 0 0 0 0 0" />
			<pattr name = "seq_tone" value = "0 0 0 0 0 0 0 0 0 0 0" />
		</patcher>
		<patcher name = "beat-divisor[1]">
			<pattr name = "beat_divisor_mute" value = "0" />
			<pattr name = "seq_mute" value = "0 0 0 0 0 0 0 0 0 0 0 0 0 0 0 0 0 0 0 0 0 0" />
			<pattr name = "seq_tone" value = "0 0 0 0 0 0 0 0 0 0 0 0 0 0 0 0 0 0 0 0 0 0" />
		</patcher>
		<patcher name = "beat-divisor">
			<pattr name = "beat_divisor_mute" value = "0" />
			<pattr name = "seq_mute" value = "0 0 0 0 0 0 0 0 0 0 0 0 0" />
			<pattr name = "seq_tone" value = "0 0 0 0 0 0 0 0 0 0 0 0 0" />
		</patcher>
	</slot>
	<slot number = "9">
		<patcher name = "reverb">
			<pattr name = "HF_damping" value = "1" />
			<pattr name = "decay_time" value = "34" />
			<pattr name = "diffusion" value = "67" />
			<pattr name = "room_size" value = "34" />
		</patcher>
		<patcher name = "beat-divisor[19]">
			<pattr name = "beat_divisor_mute" value = "0" />
			<pattr name = "seq_mute" value = "0 0 0 0 0 0 0 0 0" />
			<pattr name = "seq_tone" value = "0 0 0 0 0 0 0 0 0" />
		</patcher>
		<patcher name = "beat-divisor[18]">
			<pattr name = "beat_divisor_mute" value = "0" />
			<pattr name = "seq_mute" value = "1 1" />
			<pattr name = "seq_tone" value = "45 45" />
		</patcher>
		<patcher name = "beat-divisor[17]">
			<pattr name = "beat_divisor_mute" value = "0" />
			<pattr name = "seq_mute" value = "0 0 0 0" />
			<pattr name = "seq_tone" value = "0 0 0 0" />
		</patcher>
		<patcher name = "beat-divisor[16]">
			<pattr name = "beat_divisor_mute" value = "0" />
			<pattr name = "seq_mute" value = "0 0 0 0 0 0 0 0" />
			<pattr name = "seq_tone" value = "0 0 0 0 0 0 0 0" />
		</patcher>
		<patcher name = "beat-divisor[15]">
			<pattr name = "beat_divisor_mute" value = "0" />
			<pattr name = "seq_mute" value = "0 0 0 0 0 0 0 0 0 0 0 0 0 0 0 0" />
			<pattr name = "seq_tone" value = "0 0 0 0 0 0 0 0 0 0 0 0 0 0 0 0" />
		</patcher>
		<patcher name = "beat-divisor[14]">
			<pattr name = "beat_divisor_mute" value = "0" />
			<pattr name = "seq_mute" value = "1 1 1" />
			<pattr name = "seq_tone" value = "44 45 45" />
		</patcher>
		<patcher name = "beat-divisor[13]">
			<pattr name = "beat_divisor_mute" value = "0" />
			<pattr name = "seq_mute" value = "0 0 0 0 0 0" />
			<pattr name = "seq_tone" value = "0 0 0 0 0 0" />
		</patcher>
		<patcher name = "beat-divisor[12]">
			<pattr name = "beat_divisor_mute" value = "0" />
			<pattr name = "seq_mute" value = "0 0 0 0 0 0 0 0 0 0 0 0" />
			<pattr name = "seq_tone" value = "0 0 0 0 0 0 0 0 0 0 0 0" />
		</patcher>
		<patcher name = "beat-divisor[11]">
			<pattr name = "beat_divisor_mute" value = "0" />
			<pattr name = "seq_mute" value = "0 0 0 0 0 0 0 0 0 0 0 0 0 0 0 0 0 0 0 0 0 0 0 0" />
			<pattr name = "seq_tone" value = "0 0 0 0 0 0 0 0 0 0 0 0 0 0 0 0 0 0 0 0 0 0 0 0" />
		</patcher>
		<patcher name = "beat-divisor[10]">
			<pattr name = "beat_divisor_mute" value = "0" />
			<pattr name = "seq_mute" value = "0 0 0 0 0" />
			<pattr name = "seq_tone" value = "0 0 0 0 0" />
		</patcher>
		<patcher name = "beat-divisor[9]">
			<pattr name = "beat_divisor_mute" value = "0" />
			<pattr name = "seq_mute" value = "0 0 0 0 0 0 0 0 0 0" />
			<pattr name = "seq_tone" value = "0 0 0 0 0 0 0 0 0 0" />
		</patcher>
		<patcher name = "beat-divisor[8]">
			<pattr name = "beat_divisor_mute" value = "0" />
			<pattr name = "seq_mute" value = "0 0 0 0 0 0 0 0 0 0 0 0 0 0 0 0 0 0 0 0" />
			<pattr name = "seq_tone" value = "0 0 0 0 0 0 0 0 0 0 0 0 0 0 0 0 0 0 0 0" />
		</patcher>
		<patcher name = "beat-divisor[7]">
			<pattr name = "beat_divisor_mute" value = "0" />
			<pattr name = "seq_mute" value = "0 0 0 0 0 0 0" />
			<pattr name = "seq_tone" value = "0 0 0 0 0 0 0" />
		</patcher>
		<patcher name = "beat-divisor[6]">
			<pattr name = "beat_divisor_mute" value = "0" />
			<pattr name = "seq_mute" value = "0 0 0 0 0 0 0 0 0 0 0 0 0 0" />
			<pattr name = "seq_tone" value = "0 0 0 0 0 0 0 0 0 0 0 0 0 0" />
		</patcher>
		<patcher name = "beat-divisor[5]">
			<pattr name = "beat_divisor_mute" value = "0" />
			<pattr name = "seq_mute" value = "1" />
			<pattr name = "seq_tone" value = "45" />
		</patcher>
		<patcher name = "beat-divisor[4]">
			<pattr name = "beat_divisor_mute" value = "0" />
			<pattr name = "seq_mute" value = "0 0 0 0 0 0 0 0 0 0 0 0 0 0 0 0 0 0 0 0 0 0 0 0 0 0 0 0" />
			<pattr name = "seq_tone" value = "0 0 0 0 0 0 0 0 0 0 0 0 0 0 0 0 0 0 0 0 0 0 0 0 0 0 0 0" />
		</patcher>
		<patcher name = "beat-divisor[3]">
			<pattr name = "beat_divisor_mute" value = "0" />
			<pattr name = "seq_mute" value = "0 0 0 0 0 0 0 0 0 0 0 0 0 0 0 0 0 0" />
			<pattr name = "seq_tone" value = "0 0 0 0 0 0 0 0 0 0 0 0 0 0 0 0 0 0" />
		</patcher>
		<patcher name = "beat-divisor[2]">
			<pattr name = "beat_divisor_mute" value = "0" />
			<pattr name = "seq_mute" value = "0 0 0 0 0 0 0 0 0 0 0" />
			<pattr name = "seq_tone" value = "0 0 0 0 0 0 0 0 0 0 0" />
		</patcher>
		<patcher name = "beat-divisor[1]">
			<pattr name = "beat_divisor_mute" value = "0" />
			<pattr name = "seq_mute" value = "0 0 0 0 0 0 0 0 0 0 0 0 0 0 0 0 0 0 0 0 0 0" />
			<pattr name = "seq_tone" value = "0 0 0 0 0 0 0 0 0 0 0 0 0 0 0 0 0 0 0 0 0 0" />
		</patcher>
		<patcher name = "beat-divisor">
			<pattr name = "beat_divisor_mute" value = "0" />
			<pattr name = "seq_mute" value = "0 0 0 0 0 0 0 0 0 0 0 0 0" />
			<pattr name = "seq_tone" value = "0 0 0 0 0 0 0 0 0 0 0 0 0" />
		</patcher>
	</slot>
	<slot number = "10">
		<patcher name = "reverb">
			<pattr name = "HF_damping" value = "1" />
			<pattr name = "decay_time" value = "34" />
			<pattr name = "diffusion" value = "67" />
			<pattr name = "room_size" value = "34" />
		</patcher>
		<patcher name = "beat-divisor[19]">
			<pattr name = "beat_divisor_mute" value = "0" />
			<pattr name = "seq_mute" value = "0 0 0 0 0 0 0 0 0" />
			<pattr name = "seq_tone" value = "0 0 0 0 0 0 0 0 0" />
		</patcher>
		<patcher name = "beat-divisor[18]">
			<pattr name = "beat_divisor_mute" value = "0" />
			<pattr name = "seq_mute" value = "1 1" />
			<pattr name = "seq_tone" value = "24 24" />
		</patcher>
		<patcher name = "beat-divisor[17]">
			<pattr name = "beat_divisor_mute" value = "0" />
			<pattr name = "seq_mute" value = "0 0 0 0" />
			<pattr name = "seq_tone" value = "0 0 0 0" />
		</patcher>
		<patcher name = "beat-divisor[16]">
			<pattr name = "beat_divisor_mute" value = "0" />
			<pattr name = "seq_mute" value = "0 0 0 0 0 0 0 0" />
			<pattr name = "seq_tone" value = "0 0 0 0 0 0 0 0" />
		</patcher>
		<patcher name = "beat-divisor[15]">
			<pattr name = "beat_divisor_mute" value = "0" />
			<pattr name = "seq_mute" value = "0 0 0 0 0 0 0 0 0 0 0 0 0 0 0 0" />
			<pattr name = "seq_tone" value = "0 0 0 0 0 0 0 0 0 0 0 0 0 0 0 0" />
		</patcher>
		<patcher name = "beat-divisor[14]">
			<pattr name = "beat_divisor_mute" value = "0" />
			<pattr name = "seq_mute" value = "1 1 1" />
			<pattr name = "seq_tone" value = "44 45 45" />
		</patcher>
		<patcher name = "beat-divisor[13]">
			<pattr name = "beat_divisor_mute" value = "0" />
			<pattr name = "seq_mute" value = "0 0 0 0 0 0" />
			<pattr name = "seq_tone" value = "0 0 0 0 0 0" />
		</patcher>
		<patcher name = "beat-divisor[12]">
			<pattr name = "beat_divisor_mute" value = "0" />
			<pattr name = "seq_mute" value = "0 0 0 0 0 0 0 0 0 0 0 0" />
			<pattr name = "seq_tone" value = "0 0 0 0 0 0 0 0 0 0 0 0" />
		</patcher>
		<patcher name = "beat-divisor[11]">
			<pattr name = "beat_divisor_mute" value = "0" />
			<pattr name = "seq_mute" value = "0 0 0 0 0 0 0 0 0 0 0 0 0 0 0 0 0 0 0 0 0 0 0 0" />
			<pattr name = "seq_tone" value = "0 0 0 0 0 0 0 0 0 0 0 0 0 0 0 0 0 0 0 0 0 0 0 0" />
		</patcher>
		<patcher name = "beat-divisor[10]">
			<pattr name = "beat_divisor_mute" value = "0" />
			<pattr name = "seq_mute" value = "0 0 0 0 0" />
			<pattr name = "seq_tone" value = "0 0 0 0 0" />
		</patcher>
		<patcher name = "beat-divisor[9]">
			<pattr name = "beat_divisor_mute" value = "0" />
			<pattr name = "seq_mute" value = "0 0 0 0 0 0 0 0 0 0" />
			<pattr name = "seq_tone" value = "0 0 0 0 0 0 0 0 0 0" />
		</patcher>
		<patcher name = "beat-divisor[8]">
			<pattr name = "beat_divisor_mute" value = "0" />
			<pattr name = "seq_mute" value = "0 0 0 0 0 0 0 0 0 0 0 0 0 0 0 0 0 0 0 0" />
			<pattr name = "seq_tone" value = "0 0 0 0 0 0 0 0 0 0 0 0 0 0 0 0 0 0 0 0" />
		</patcher>
		<patcher name = "beat-divisor[7]">
			<pattr name = "beat_divisor_mute" value = "0" />
			<pattr name = "seq_mute" value = "0 0 0 0 0 0 0" />
			<pattr name = "seq_tone" value = "0 0 0 0 0 0 0" />
		</patcher>
		<patcher name = "beat-divisor[6]">
			<pattr name = "beat_divisor_mute" value = "0" />
			<pattr name = "seq_mute" value = "0 0 0 0 0 0 0 0 0 0 0 0 0 0" />
			<pattr name = "seq_tone" value = "0 0 0 0 0 0 0 0 0 0 0 0 0 0" />
		</patcher>
		<patcher name = "beat-divisor[5]">
			<pattr name = "beat_divisor_mute" value = "0" />
			<pattr name = "seq_mute" value = "1" />
			<pattr name = "seq_tone" value = "1" />
		</patcher>
		<patcher name = "beat-divisor[4]">
			<pattr name = "beat_divisor_mute" value = "0" />
			<pattr name = "seq_mute" value = "0 0 0 0 0 0 0 0 0 0 0 0 0 0 0 0 0 0 0 0 0 0 0 0 0 0 0 0" />
			<pattr name = "seq_tone" value = "0 0 0 0 0 0 0 0 0 0 0 0 0 0 0 0 0 0 0 0 0 0 0 0 0 0 0 0" />
		</patcher>
		<patcher name = "beat-divisor[3]">
			<pattr name = "beat_divisor_mute" value = "0" />
			<pattr name = "seq_mute" value = "0 0 0 0 0 0 0 0 0 0 0 0 0 0 0 0 0 0" />
			<pattr name = "seq_tone" value = "0 0 0 0 0 0 0 0 0 0 0 0 0 0 0 0 0 0" />
		</patcher>
		<patcher name = "beat-divisor[2]">
			<pattr name = "beat_divisor_mute" value = "0" />
			<pattr name = "seq_mute" value = "0 0 0 0 0 0 0 0 0 0 0" />
			<pattr name = "seq_tone" value = "0 0 0 0 0 0 0 0 0 0 0" />
		</patcher>
		<patcher name = "beat-divisor[1]">
			<pattr name = "beat_divisor_mute" value = "0" />
			<pattr name = "seq_mute" value = "0 0 0 0 0 0 0 0 0 0 0 0 0 0 0 0 0 0 0 0 0 0" />
			<pattr name = "seq_tone" value = "0 0 0 0 0 0 0 0 0 0 0 0 0 0 0 0 0 0 0 0 0 0" />
		</patcher>
		<patcher name = "beat-divisor">
			<pattr name = "beat_divisor_mute" value = "0" />
			<pattr name = "seq_mute" value = "0 0 0 0 0 0 0 0 0 0 0 0 0" />
			<pattr name = "seq_tone" value = "0 0 0 0 0 0 0 0 0 0 0 0 0" />
		</patcher>
	</slot>
	<slot number = "11">
		<patcher name = "reverb">
			<pattr name = "HF_damping" value = "1" />
			<pattr name = "decay_time" value = "34" />
			<pattr name = "diffusion" value = "67" />
			<pattr name = "room_size" value = "34" />
		</patcher>
		<patcher name = "beat-divisor[19]">
			<pattr name = "beat_divisor_mute" value = "0" />
			<pattr name = "seq_mute" value = "0 0 0 0 0 0 0 0 0" />
			<pattr name = "seq_tone" value = "0 0 0 0 0 0 0 0 0" />
		</patcher>
		<patcher name = "beat-divisor[18]">
			<pattr name = "beat_divisor_mute" value = "0" />
			<pattr name = "seq_mute" value = "1 1" />
			<pattr name = "seq_tone" value = "45 45" />
		</patcher>
		<patcher name = "beat-divisor[17]">
			<pattr name = "beat_divisor_mute" value = "0" />
			<pattr name = "seq_mute" value = "0 0 0 0" />
			<pattr name = "seq_tone" value = "0 0 0 0" />
		</patcher>
		<patcher name = "beat-divisor[16]">
			<pattr name = "beat_divisor_mute" value = "0" />
			<pattr name = "seq_mute" value = "0 0 0 0 0 0 0 0" />
			<pattr name = "seq_tone" value = "0 0 0 0 0 0 0 0" />
		</patcher>
		<patcher name = "beat-divisor[15]">
			<pattr name = "beat_divisor_mute" value = "0" />
			<pattr name = "seq_mute" value = "0 0 0 0 0 0 0 0 0 0 0 0 0 0 0 0" />
			<pattr name = "seq_tone" value = "0 0 0 0 0 0 0 0 0 0 0 0 0 0 0 0" />
		</patcher>
		<patcher name = "beat-divisor[14]">
			<pattr name = "beat_divisor_mute" value = "0" />
			<pattr name = "seq_mute" value = "1 1 1" />
			<pattr name = "seq_tone" value = "44 45 45" />
		</patcher>
		<patcher name = "beat-divisor[13]">
			<pattr name = "beat_divisor_mute" value = "0" />
			<pattr name = "seq_mute" value = "0 0 0 0 0 0" />
			<pattr name = "seq_tone" value = "0 0 0 0 0 0" />
		</patcher>
		<patcher name = "beat-divisor[12]">
			<pattr name = "beat_divisor_mute" value = "0" />
			<pattr name = "seq_mute" value = "0 0 0 0 0 0 0 0 0 0 0 0" />
			<pattr name = "seq_tone" value = "0 0 0 0 0 0 0 0 0 0 0 0" />
		</patcher>
		<patcher name = "beat-divisor[11]">
			<pattr name = "beat_divisor_mute" value = "0" />
			<pattr name = "seq_mute" value = "0 0 0 0 0 0 0 0 0 0 0 0 0 0 0 0 0 0 0 0 0 0 0 0" />
			<pattr name = "seq_tone" value = "0 0 0 0 0 0 0 0 0 0 0 0 0 0 0 0 0 0 0 0 0 0 0 0" />
		</patcher>
		<patcher name = "beat-divisor[10]">
			<pattr name = "beat_divisor_mute" value = "0" />
			<pattr name = "seq_mute" value = "1 1 1 1 1" />
			<pattr name = "seq_tone" value = "45 45 45 45 45" />
		</patcher>
		<patcher name = "beat-divisor[9]">
			<pattr name = "beat_divisor_mute" value = "0" />
			<pattr name = "seq_mute" value = "0 0 0 0 0 0 0 0 0 0" />
			<pattr name = "seq_tone" value = "0 0 0 0 0 0 0 0 0 0" />
		</patcher>
		<patcher name = "beat-divisor[8]">
			<pattr name = "beat_divisor_mute" value = "0" />
			<pattr name = "seq_mute" value = "0 0 0 0 0 0 0 0 0 0 0 0 0 0 0 0 0 0 0 0" />
			<pattr name = "seq_tone" value = "0 0 0 0 0 0 0 0 0 0 0 0 0 0 0 0 0 0 0 0" />
		</patcher>
		<patcher name = "beat-divisor[7]">
			<pattr name = "beat_divisor_mute" value = "0" />
			<pattr name = "seq_mute" value = "0 0 0 0 0 0 0" />
			<pattr name = "seq_tone" value = "0 0 0 0 0 0 0" />
		</patcher>
		<patcher name = "beat-divisor[6]">
			<pattr name = "beat_divisor_mute" value = "0" />
			<pattr name = "seq_mute" value = "0 0 0 0 0 0 0 0 0 0 0 0 0 0" />
			<pattr name = "seq_tone" value = "0 0 0 0 0 0 0 0 0 0 0 0 0 0" />
		</patcher>
		<patcher name = "beat-divisor[5]">
			<pattr name = "beat_divisor_mute" value = "0" />
			<pattr name = "seq_mute" value = "1" />
			<pattr name = "seq_tone" value = "45" />
		</patcher>
		<patcher name = "beat-divisor[4]">
			<pattr name = "beat_divisor_mute" value = "0" />
			<pattr name = "seq_mute" value = "0 0 0 0 0 0 0 0 0 0 0 0 0 0 0 0 0 0 0 0 0 0 0 0 0 0 0 0" />
			<pattr name = "seq_tone" value = "0 0 0 0 0 0 0 0 0 0 0 0 0 0 0 0 0 0 0 0 0 0 0 0 0 0 0 0" />
		</patcher>
		<patcher name = "beat-divisor[3]">
			<pattr name = "beat_divisor_mute" value = "0" />
			<pattr name = "seq_mute" value = "0 0 0 0 0 0 0 0 0 0 0 0 0 0 0 0 0 0" />
			<pattr name = "seq_tone" value = "0 0 0 0 0 0 0 0 0 0 0 0 0 0 0 0 0 0" />
		</patcher>
		<patcher name = "beat-divisor[2]">
			<pattr name = "beat_divisor_mute" value = "0" />
			<pattr name = "seq_mute" value = "0 0 0 0 0 0 0 0 0 0 0" />
			<pattr name = "seq_tone" value = "0 0 0 0 0 0 0 0 0 0 0" />
		</patcher>
		<patcher name = "beat-divisor[1]">
			<pattr name = "beat_divisor_mute" value = "0" />
			<pattr name = "seq_mute" value = "0 0 0 0 0 0 0 0 0 0 0 0 0 0 0 0 0 0 0 0 0 0" />
			<pattr name = "seq_tone" value = "0 0 0 0 0 0 0 0 0 0 0 0 0 0 0 0 0 0 0 0 0 0" />
		</patcher>
		<patcher name = "beat-divisor">
			<pattr name = "beat_divisor_mute" value = "0" />
			<pattr name = "seq_mute" value = "0 0 0 0 0 0 0 0 0 0 0 0 0" />
			<pattr name = "seq_tone" value = "0 0 0 0 0 0 0 0 0 0 0 0 0" />
		</patcher>
	</slot>
	<slot number = "12">
		<patcher name = "reverb">
			<pattr name = "HF_damping" value = "1" />
			<pattr name = "decay_time" value = "34" />
			<pattr name = "diffusion" value = "67" />
			<pattr name = "room_size" value = "34" />
		</patcher>
		<patcher name = "beat-divisor[19]">
			<pattr name = "beat_divisor_mute" value = "0" />
			<pattr name = "seq_mute" value = "0 0 0 0 0 0 0 0 0" />
			<pattr name = "seq_tone" value = "0 0 0 0 0 0 0 0 0" />
		</patcher>
		<patcher name = "beat-divisor[18]">
			<pattr name = "beat_divisor_mute" value = "0" />
			<pattr name = "seq_mute" value = "1 1" />
			<pattr name = "seq_tone" value = "28 28" />
		</patcher>
		<patcher name = "beat-divisor[17]">
			<pattr name = "beat_divisor_mute" value = "0" />
			<pattr name = "seq_mute" value = "0 0 0 0" />
			<pattr name = "seq_tone" value = "0 0 0 0" />
		</patcher>
		<patcher name = "beat-divisor[16]">
			<pattr name = "beat_divisor_mute" value = "0" />
			<pattr name = "seq_mute" value = "0 0 0 0 0 0 0 0" />
			<pattr name = "seq_tone" value = "0 0 0 0 0 0 0 0" />
		</patcher>
		<patcher name = "beat-divisor[15]">
			<pattr name = "beat_divisor_mute" value = "0" />
			<pattr name = "seq_mute" value = "0 0 0 0 0 0 0 0 0 0 0 0 0 0 0 0" />
			<pattr name = "seq_tone" value = "0 0 0 0 0 0 0 0 0 0 0 0 0 0 0 0" />
		</patcher>
		<patcher name = "beat-divisor[14]">
			<pattr name = "beat_divisor_mute" value = "0" />
			<pattr name = "seq_mute" value = "1 1 1" />
			<pattr name = "seq_tone" value = "53 53 53" />
		</patcher>
		<patcher name = "beat-divisor[13]">
			<pattr name = "beat_divisor_mute" value = "0" />
			<pattr name = "seq_mute" value = "0 0 0 0 0 0" />
			<pattr name = "seq_tone" value = "0 0 0 0 0 0" />
		</patcher>
		<patcher name = "beat-divisor[12]">
			<pattr name = "beat_divisor_mute" value = "0" />
			<pattr name = "seq_mute" value = "0 0 0 0 0 0 0 0 0 0 0 0" />
			<pattr name = "seq_tone" value = "0 0 0 0 0 0 0 0 0 0 0 0" />
		</patcher>
		<patcher name = "beat-divisor[11]">
			<pattr name = "beat_divisor_mute" value = "0" />
			<pattr name = "seq_mute" value = "0 0 0 0 0 0 0 0 0 0 0 0 0 0 0 0 0 0 0 0 0 0 0 0" />
			<pattr name = "seq_tone" value = "0 0 0 0 0 0 0 0 0 0 0 0 0 0 0 0 0 0 0 0 0 0 0 0" />
		</patcher>
		<patcher name = "beat-divisor[10]">
			<pattr name = "beat_divisor_mute" value = "0" />
			<pattr name = "seq_mute" value = "1 1 1 1 1" />
			<pattr name = "seq_tone" value = "75 75 75 75 75" />
		</patcher>
		<patcher name = "beat-divisor[9]">
			<pattr name = "beat_divisor_mute" value = "0" />
			<pattr name = "seq_mute" value = "0 0 0 0 0 0 0 0 0 0" />
			<pattr name = "seq_tone" value = "0 0 0 0 0 0 0 0 0 0" />
		</patcher>
		<patcher name = "beat-divisor[8]">
			<pattr name = "beat_divisor_mute" value = "0" />
			<pattr name = "seq_mute" value = "0 0 0 0 0 0 0 0 0 0 0 0 0 0 0 0 0 0 0 0" />
			<pattr name = "seq_tone" value = "0 0 0 0 0 0 0 0 0 0 0 0 0 0 0 0 0 0 0 0" />
		</patcher>
		<patcher name = "beat-divisor[7]">
			<pattr name = "beat_divisor_mute" value = "0" />
			<pattr name = "seq_mute" value = "0 0 0 0 0 0 0" />
			<pattr name = "seq_tone" value = "0 0 0 0 0 0 0" />
		</patcher>
		<patcher name = "beat-divisor[6]">
			<pattr name = "beat_divisor_mute" value = "0" />
			<pattr name = "seq_mute" value = "0 0 0 0 0 0 0 0 0 0 0 0 0 0" />
			<pattr name = "seq_tone" value = "0 0 0 0 0 0 0 0 0 0 0 0 0 0" />
		</patcher>
		<patcher name = "beat-divisor[5]">
			<pattr name = "beat_divisor_mute" value = "0" />
			<pattr name = "seq_mute" value = "1" />
			<pattr name = "seq_tone" value = "7" />
		</patcher>
		<patcher name = "beat-divisor[4]">
			<pattr name = "beat_divisor_mute" value = "0" />
			<pattr name = "seq_mute" value = "0 0 0 0 0 0 0 0 0 0 0 0 0 0 0 0 0 0 0 0 0 0 0 0 0 0 0 0" />
			<pattr name = "seq_tone" value = "0 0 0 0 0 0 0 0 0 0 0 0 0 0 0 0 0 0 0 0 0 0 0 0 0 0 0 0" />
		</patcher>
		<patcher name = "beat-divisor[3]">
			<pattr name = "beat_divisor_mute" value = "0" />
			<pattr name = "seq_mute" value = "0 0 0 0 0 0 0 0 0 0 0 0 0 0 0 0 0 0" />
			<pattr name = "seq_tone" value = "0 0 0 0 0 0 0 0 0 0 0 0 0 0 0 0 0 0" />
		</patcher>
		<patcher name = "beat-divisor[2]">
			<pattr name = "beat_divisor_mute" value = "0" />
			<pattr name = "seq_mute" value = "0 0 0 0 0 0 0 0 0 0 0" />
			<pattr name = "seq_tone" value = "0 0 0 0 0 0 0 0 0 0 0" />
		</patcher>
		<patcher name = "beat-divisor[1]">
			<pattr name = "beat_divisor_mute" value = "0" />
			<pattr name = "seq_mute" value = "0 0 0 0 0 0 0 0 0 0 0 0 0 0 0 0 0 0 0 0 0 0" />
			<pattr name = "seq_tone" value = "0 0 0 0 0 0 0 0 0 0 0 0 0 0 0 0 0 0 0 0 0 0" />
		</patcher>
		<patcher name = "beat-divisor">
			<pattr name = "beat_divisor_mute" value = "0" />
			<pattr name = "seq_mute" value = "0 0 0 0 0 0 0 0 0 0 0 0 0" />
			<pattr name = "seq_tone" value = "0 0 0 0 0 0 0 0 0 0 0 0 0" />
		</patcher>
	</slot>
</pattrstorage>

