<?xml version="1.0" encoding="utf-8" standalone="yes"?>

<pattrstorage name = "divided_steps.xml">
	<slot number = "1">
		<pattr name = "m1" value = "-0.2 0. 0. 0. 0. 0. 0. 0. 0.12 0.12 0.146667 0.173333 0.2 0.253333 0.306667 0.36 0.42 0.48 0.533333 0.586667 0.64 0.666667 0.693333 0.72 0.74 0.76 0.76 0.76 0.72 0.68 -0.62 -0.64" />
		<pattr name = "m1[1]" value = "0. 0. 0. 0. 0. 0. 0. 0. -0.04 -0.2 0.28 0.28 0.28 0.28 0.293333 0.306667 0.32 0.346667 0.373333 0.4 0.432 0.464 0.496 0.528 0.56 0.586667 0.613333 0.64 0.65 0.66 0.67 0.76" />
	</slot>
	<slot number = "2">
		<pattr name = "m1" value = "-0.2 0. 0.24 0.24 0.24 0.16 0.08 -0.52 -0.44 -0.24 -0.16 -0.16 -0.16 -0.16 -0.16 -0.68 -0.76 -0.79 -0.82 -0.85 -0.88 -0.92 -0.08 0.08 0.24 0.44 0.56 0.76 0.72 0.68 -0.62 -0.64" />
		<pattr name = "m1[1]" value = "0. 0. 0. 0. 0. 0. 0. 0. -0.04 -0.4 -0.52 -0.76 -0.92 -0.946667 -0.973333 -1. -1. -1. -1. -1. -1. 0.36 0.28 -1. -1. -1. -1. -1. 0.65 0.66 -0.12 0.16" />
	</slot>
	<slot number = "3">
		<pattr name = "m1" value = "0.24 0.44 0.56 0.76 0.84 -0.84 -0.72 -0.68 -0.66 -0.64 -0.64 -0.64 -0.64 -0.64 0.4 -0.68 -0.76 -0.79 -0.82 -0.08 -0.08 -0.04 -0.08 0.08 0.24 -0.88 -1. -1. -1. -1. -1. -0.64" />
		<pattr name = "m1[1]" value = "0. 0. 0. 0. 0. 0. 0. -0.52 -0.44 -0.4 -0.36 -0.36 -0.36 -0.34 -0.6 -0.52 -0.44 -0.32 -0.32 -0.32 -0.32 -0.84 -0.36 -0.4 0.52 0.52 -1. -1. 0.65 0.66 -0.12 0.16" />
	</slot>
	<slot number = "4">
		<pattr name = "m1" value = "" />
		<pattr name = "m1[1]" value = "" />
	</slot>
	<slot number = "9">
		<pattr name = "m1" value = "" />
		<pattr name = "m1[1]" value = "" />
	</slot>
</pattrstorage>

