<?xml version="1.0" encoding="iso-8859-1" standalone="yes"?>

<pattrstorage name = "mz.drums">
	<slot number = "1">
		<pattr name = "beat" value = "0 0 0 0 0 0 0 0 0 0 0 0 0 0 0 0" />
	</slot>
	<slot number = "2">
		<pattr name = "beat" value = "6 0 6 0 7 0 0 7 6 0 6 0 0 0 0 7" />
	</slot>
	<slot number = "3">
		<pattr name = "beat" value = "6 0 6 0 7 0 1 7 6 1 6 0 1 0 0 7" />
	</slot>
	<slot number = "4">
		<pattr name = "beat" value = "6 2 6 0 7 2 1 7 6 1 6 2 1 2 0 7" />
	</slot>
	<slot number = "5">
		<pattr name = "beat" value = "0 5 6 2 7 4 1 7 6 1 6 2 1 2 0 7" />
	</slot>
	<slot number = "6">
		<pattr name = "beat" value = "0 5 6 2 7 4 1 7 6 1 5 2 3 2 0 7" />
	</slot>
	<slot number = "7">
		<pattr name = "beat" value = "1 5 4 0 5 4 0 3 5 0 5 0 1 3 4 5" />
	</slot>
	<slot number = "8">
		<pattr name = "beat" value = "3 5 4 0 5 4 0 3 5 0 5 0 3 0 0 3" />
	</slot>
	<slot number = "9">
		<pattr name = "beat" value = "1 5 4 0 5 4 0 3 5 0 5 0 3 0 0 3" />
	</slot>
	<slot number = "10">
		<pattr name = "beat" value = "1 5 4 0 5 4 3 5 1 0 5 3 1 0 3 3" />
	</slot>
	<slot number = "11">
		<pattr name = "beat" value = "1 0 0 0 7 0 0 0 1 0 0 0 1 1 1 1" />
	</slot>
</pattrstorage>

