<?xml version="1.0" encoding="iso-8859-1" standalone="yes"?>

<pattrstorage name = "mz.stepsynth">
	<slot number = "1">
		<pattr name = "01-note" value = "9" />
		<pattr name = "01-octave" value = "4" />
		<pattr name = "02-note" value = "4" />
		<pattr name = "02-octave" value = "3" />
		<pattr name = "03-note" value = "4" />
		<pattr name = "03-octave" value = "4" />
		<pattr name = "04-note" value = "6" />
		<pattr name = "04-octave" value = "4" />
		<pattr name = "05-note" value = "5" />
		<pattr name = "05-octave" value = "3" />
		<pattr name = "06-note" value = "11" />
		<pattr name = "06-octave" value = "3" />
		<pattr name = "07-note" value = "4" />
		<pattr name = "07-octave" value = "4" />
		<pattr name = "08-note" value = "9" />
		<pattr name = "08-octave" value = "3" />
		<pattr name = "09-note" value = "9" />
		<pattr name = "09-octave" value = "4" />
		<pattr name = "10-note" value = "4" />
		<pattr name = "10-octave" value = "5" />
		<pattr name = "11-note" value = "7" />
		<pattr name = "11-octave" value = "5" />
		<pattr name = "12-note" value = "4" />
		<pattr name = "12-octave" value = "2" />
		<pattr name = "13-note" value = "5" />
		<pattr name = "13-octave" value = "4" />
		<pattr name = "14-note" value = "4" />
		<pattr name = "14-octave" value = "5" />
		<pattr name = "15-note" value = "4" />
		<pattr name = "15-octave" value = "4" />
		<pattr name = "16-note" value = "4" />
		<pattr name = "16-octave" value = "3" />
	</slot>
	<slot number = "2">
		<pattr name = "01-note" value = "4" />
		<pattr name = "01-octave" value = "4" />
		<pattr name = "02-note" value = "4" />
		<pattr name = "02-octave" value = "3" />
		<pattr name = "03-note" value = "4" />
		<pattr name = "03-octave" value = "2" />
		<pattr name = "04-note" value = "4" />
		<pattr name = "04-octave" value = "3" />
		<pattr name = "05-note" value = "5" />
		<pattr name = "05-octave" value = "4" />
		<pattr name = "06-note" value = "4" />
		<pattr name = "06-octave" value = "5" />
		<pattr name = "07-note" value = "4" />
		<pattr name = "07-octave" value = "6" />
		<pattr name = "08-note" value = "4" />
		<pattr name = "08-octave" value = "7" />
		<pattr name = "09-note" value = "4" />
		<pattr name = "09-octave" value = "6" />
		<pattr name = "10-note" value = "4" />
		<pattr name = "10-octave" value = "5" />
		<pattr name = "11-note" value = "4" />
		<pattr name = "11-octave" value = "4" />
		<pattr name = "12-note" value = "4" />
		<pattr name = "12-octave" value = "3" />
		<pattr name = "13-note" value = "4" />
		<pattr name = "13-octave" value = "2" />
		<pattr name = "14-note" value = "4" />
		<pattr name = "14-octave" value = "1" />
		<pattr name = "15-note" value = "4" />
		<pattr name = "15-octave" value = "2" />
		<pattr name = "16-note" value = "4" />
		<pattr name = "16-octave" value = "3" />
	</slot>
	<slot number = "3">
		<pattr name = "01-note" value = "1" />
		<pattr name = "01-octave" value = "4" />
		<pattr name = "02-note" value = "5" />
		<pattr name = "02-octave" value = "4" />
		<pattr name = "03-note" value = "8" />
		<pattr name = "03-octave" value = "4" />
		<pattr name = "04-note" value = "1" />
		<pattr name = "04-octave" value = "4" />
		<pattr name = "05-note" value = "5" />
		<pattr name = "05-octave" value = "4" />
		<pattr name = "06-note" value = "8" />
		<pattr name = "06-octave" value = "4" />
		<pattr name = "07-note" value = "1" />
		<pattr name = "07-octave" value = "4" />
		<pattr name = "08-note" value = "5" />
		<pattr name = "08-octave" value = "4" />
		<pattr name = "09-note" value = "8" />
		<pattr name = "09-octave" value = "4" />
		<pattr name = "10-note" value = "1" />
		<pattr name = "10-octave" value = "4" />
		<pattr name = "11-note" value = "5" />
		<pattr name = "11-octave" value = "4" />
		<pattr name = "12-note" value = "8" />
		<pattr name = "12-octave" value = "4" />
		<pattr name = "13-note" value = "1" />
		<pattr name = "13-octave" value = "4" />
		<pattr name = "14-note" value = "4" />
		<pattr name = "14-octave" value = "4" />
		<pattr name = "15-note" value = "8" />
		<pattr name = "15-octave" value = "4" />
		<pattr name = "16-note" value = "5" />
		<pattr name = "16-octave" value = "4" />
	</slot>
	<slot number = "4">
		<pattr name = "01-note" value = "0" />
		<pattr name = "01-octave" value = "2" />
		<pattr name = "02-note" value = "1" />
		<pattr name = "02-octave" value = "2" />
		<pattr name = "03-note" value = "2" />
		<pattr name = "03-octave" value = "2" />
		<pattr name = "04-note" value = "3" />
		<pattr name = "04-octave" value = "2" />
		<pattr name = "05-note" value = "4" />
		<pattr name = "05-octave" value = "2" />
		<pattr name = "06-note" value = "5" />
		<pattr name = "06-octave" value = "2" />
		<pattr name = "07-note" value = "6" />
		<pattr name = "07-octave" value = "2" />
		<pattr name = "08-note" value = "7" />
		<pattr name = "08-octave" value = "2" />
		<pattr name = "09-note" value = "8" />
		<pattr name = "09-octave" value = "2" />
		<pattr name = "10-note" value = "9" />
		<pattr name = "10-octave" value = "2" />
		<pattr name = "11-note" value = "10" />
		<pattr name = "11-octave" value = "2" />
		<pattr name = "12-note" value = "11" />
		<pattr name = "12-octave" value = "2" />
		<pattr name = "13-note" value = "0" />
		<pattr name = "13-octave" value = "3" />
		<pattr name = "14-note" value = "4" />
		<pattr name = "14-octave" value = "3" />
		<pattr name = "15-note" value = "2" />
		<pattr name = "15-octave" value = "3" />
		<pattr name = "16-note" value = "3" />
		<pattr name = "16-octave" value = "3" />
	</slot>
	<slot number = "5">
		<pattr name = "01-note" value = "0" />
		<pattr name = "01-octave" value = "4" />
		<pattr name = "02-note" value = "1" />
		<pattr name = "02-octave" value = "2" />
		<pattr name = "03-note" value = "2" />
		<pattr name = "03-octave" value = "4" />
		<pattr name = "04-note" value = "3" />
		<pattr name = "04-octave" value = "2" />
		<pattr name = "05-note" value = "4" />
		<pattr name = "05-octave" value = "4" />
		<pattr name = "06-note" value = "5" />
		<pattr name = "06-octave" value = "2" />
		<pattr name = "07-note" value = "6" />
		<pattr name = "07-octave" value = "4" />
		<pattr name = "08-note" value = "7" />
		<pattr name = "08-octave" value = "2" />
		<pattr name = "09-note" value = "8" />
		<pattr name = "09-octave" value = "4" />
		<pattr name = "10-note" value = "9" />
		<pattr name = "10-octave" value = "2" />
		<pattr name = "11-note" value = "10" />
		<pattr name = "11-octave" value = "4" />
		<pattr name = "12-note" value = "11" />
		<pattr name = "12-octave" value = "2" />
		<pattr name = "13-note" value = "0" />
		<pattr name = "13-octave" value = "5" />
		<pattr name = "14-note" value = "4" />
		<pattr name = "14-octave" value = "3" />
		<pattr name = "15-note" value = "2" />
		<pattr name = "15-octave" value = "3" />
		<pattr name = "16-note" value = "3" />
		<pattr name = "16-octave" value = "5" />
	</slot>
	<slot number = "6">
		<pattr name = "01-note" value = "0" />
		<pattr name = "01-octave" value = "7" />
		<pattr name = "02-note" value = "1" />
		<pattr name = "02-octave" value = "2" />
		<pattr name = "03-note" value = "2" />
		<pattr name = "03-octave" value = "2" />
		<pattr name = "04-note" value = "3" />
		<pattr name = "04-octave" value = "6" />
		<pattr name = "05-note" value = "4" />
		<pattr name = "05-octave" value = "2" />
		<pattr name = "06-note" value = "5" />
		<pattr name = "06-octave" value = "2" />
		<pattr name = "07-note" value = "6" />
		<pattr name = "07-octave" value = "5" />
		<pattr name = "08-note" value = "7" />
		<pattr name = "08-octave" value = "2" />
		<pattr name = "09-note" value = "8" />
		<pattr name = "09-octave" value = "2" />
		<pattr name = "10-note" value = "9" />
		<pattr name = "10-octave" value = "6" />
		<pattr name = "11-note" value = "10" />
		<pattr name = "11-octave" value = "2" />
		<pattr name = "12-note" value = "11" />
		<pattr name = "12-octave" value = "2" />
		<pattr name = "13-note" value = "0" />
		<pattr name = "13-octave" value = "5" />
		<pattr name = "14-note" value = "4" />
		<pattr name = "14-octave" value = "3" />
		<pattr name = "15-note" value = "2" />
		<pattr name = "15-octave" value = "3" />
		<pattr name = "16-note" value = "3" />
		<pattr name = "16-octave" value = "6" />
	</slot>
	<slot number = "7">
		<pattr name = "01-note" value = "0" />
		<pattr name = "01-octave" value = "7" />
		<pattr name = "02-note" value = "0" />
		<pattr name = "02-octave" value = "-1" />
		<pattr name = "03-note" value = "0" />
		<pattr name = "03-octave" value = "-1" />
		<pattr name = "04-note" value = "11" />
		<pattr name = "04-octave" value = "-1" />
		<pattr name = "05-note" value = "7" />
		<pattr name = "05-octave" value = "6" />
		<pattr name = "06-note" value = "0" />
		<pattr name = "06-octave" value = "-1" />
		<pattr name = "07-note" value = "0" />
		<pattr name = "07-octave" value = "-1" />
		<pattr name = "08-note" value = "10" />
		<pattr name = "08-octave" value = "-1" />
		<pattr name = "09-note" value = "4" />
		<pattr name = "09-octave" value = "6" />
		<pattr name = "10-note" value = "0" />
		<pattr name = "10-octave" value = "-1" />
		<pattr name = "11-note" value = "0" />
		<pattr name = "11-octave" value = "-1" />
		<pattr name = "12-note" value = "2" />
		<pattr name = "12-octave" value = "-1" />
		<pattr name = "13-note" value = "0" />
		<pattr name = "13-octave" value = "6" />
		<pattr name = "14-note" value = "4" />
		<pattr name = "14-octave" value = "-1" />
		<pattr name = "15-note" value = "0" />
		<pattr name = "15-octave" value = "-1" />
		<pattr name = "16-note" value = "0" />
		<pattr name = "16-octave" value = "-1" />
	</slot>
	<slot number = "8">
		<pattr name = "01-note" value = "0" />
		<pattr name = "01-octave" value = "7" />
		<pattr name = "02-note" value = "0" />
		<pattr name = "02-octave" value = "-1" />
		<pattr name = "03-note" value = "7" />
		<pattr name = "03-octave" value = "4" />
		<pattr name = "04-note" value = "11" />
		<pattr name = "04-octave" value = "-1" />
		<pattr name = "05-note" value = "7" />
		<pattr name = "05-octave" value = "6" />
		<pattr name = "06-note" value = "0" />
		<pattr name = "06-octave" value = "-1" />
		<pattr name = "07-note" value = "11" />
		<pattr name = "07-octave" value = "4" />
		<pattr name = "08-note" value = "10" />
		<pattr name = "08-octave" value = "-1" />
		<pattr name = "09-note" value = "4" />
		<pattr name = "09-octave" value = "6" />
		<pattr name = "10-note" value = "0" />
		<pattr name = "10-octave" value = "-1" />
		<pattr name = "11-note" value = "2" />
		<pattr name = "11-octave" value = "5" />
		<pattr name = "12-note" value = "2" />
		<pattr name = "12-octave" value = "-1" />
		<pattr name = "13-note" value = "0" />
		<pattr name = "13-octave" value = "6" />
		<pattr name = "14-note" value = "4" />
		<pattr name = "14-octave" value = "-1" />
		<pattr name = "15-note" value = "5" />
		<pattr name = "15-octave" value = "5" />
		<pattr name = "16-note" value = "0" />
		<pattr name = "16-octave" value = "-1" />
	</slot>
</pattrstorage>

